{"meta": {"version": "6.4.4", "timestamp": "2022-10-29T12:47:58.176924", "branch_coverage": false, "show_contexts": false}, "files": {"sort/hybridsort/hybridsort.py": {"executed_lines": [1, 5, 7, 8, 9, 10, 11, 14, 16, 17, 19, 20, 22, 23, 24, 25, 26, 27, 28, 29, 30, 32, 33, 34, 35, 36, 37, 38, 39, 40, 41, 42, 45, 54, 55, 57, 59, 61, 63, 64, 65, 66, 67, 68, 69, 70, 71, 72, 73, 74, 75, 76, 77, 78, 79, 80, 81, 82, 83, 85, 87, 90, 92, 95, 97], "summary": {"covered_lines": 63, "num_statements": 68, "percent_covered": 92.6470588235294, "percent_covered_display": "93", "missing_lines": 5, "excluded_lines": 0}, "missing_lines": [47, 48, 49, 50, 51], "excluded_lines": []}}, "totals": {"covered_lines": 63, "num_statements": 68, "percent_covered": 92.6470588235294, "percent_covered_display": "93", "missing_lines": 5, "excluded_lines": 0}}